timestamp,mode,delta
1711257173,1,0.07187276262
1711257174,1,0.0926272009
1711257175,1,0.01840631832
1711257176,1,0.02273114858
1711257177,1,0.04220715958
1711257178,1,0.02191623998
1711257179,1,0.1103018125
1711257180,1,0.04957015432
1711257181,1,0.0747163242
1711257182,1,0.1002947136
1711257183,1,0.04733335324
1711257184,1,0.0727447173
1711257185,1,0.07974315543
1711257186,1,0.005902065661
1711257187,1,0.08551476809
1711257188,1,0.1112128046
1711257189,1,0.07695954669
1711257190,1,0.1104417787
1711257191,1,0.04167359166
1711257192,1,0.08036708099
1711257193,1,0.01200747786
1711257194,1,0.007350073356
1711257195,1,0.1052158507
1711257196,1,0.07482255803
1711257197,1,0.002746159449
1711257198,1,0.06516795074
1711257199,1,0.06681111346
1711257200,1,0.1188151722
1711257201,1,0.01869491858
1711257202,1,0.07248087858
1711257203,1,0.07482628142
1711257204,1,0.1168964482
1711257205,1,0.0994342519
1711257206,1,0.08143979446
1711257207,1,0.1110249274
1711257208,1,0.02239928926
1711257209,1,0.05818167324
1711257210,1,0.1170578425
1711257211,1,0.008518854038
1711257212,1,0.1079713899
1711257213,1,0.07049425199
1711257214,1,0.1241890705
1711257215,1,0.01720936357
1711257216,1,0.04632518341
1711257217,1,0.1150664159
1711257218,1,0.1233385723
1711257219,1,0.02998815227
1711257220,1,0.04023707481
1711257221,1,0.0388893739
1711257222,1,0.04022790804
1711257223,1,0.1167810115
1711257224,1,0.103743762
1711257225,1,0.06261767419
1711257226,1,0.0623453459
1711257227,1,0.09811241664
1711257228,1,0.04142969582
1711257229,1,0.07384871927
1711257230,1,0.03354733429
1711257231,1,0.02524493993
1711257232,1,0.07467730175
1711257233,1,0.07616268728
1711257234,1,0.07514583953
1711257235,1,0.1201047412
1711257236,1,0.04776038789
1711257237,1,0.04519316661
1711257238,1,0.06881554647
1711257239,1,0.09014278381
1711257240,1,0.0877011139
1711257241,1,0.06470287214
1711257242,1,0.1030855864
1711257243,1,0.0210012358
1711257244,1,0.1148823397
1711257245,1,0.1006242118
1711257246,1,0.09614240765
1711257247,1,0.01335539877
1711257248,1,0.08150953889
1711257249,1,0.1192910668
1711257250,1,0.0631635493
1711257251,1,0.1195838349
1711257252,1,0.002150400291
1711257253,1,0.09263592131
1711257254,1,0.02142646409
1711257255,1,0.07598273013
1711257256,1,0.1097451773
1711257257,1,0.007955737164
1711257258,1,0.07099224324
1711257259,1,0.0670853767
1711257260,1,0.0716771694
1711257261,1,0.06296014115
1711257262,1,0.002850997161
1711257263,1,0.05027352143
1711257264,1,0.008720292729
1711257265,1,0.02820723999
1711257266,1,0.1200337848
1711257267,1,0.01127463468
1711257268,1,0.07493942048
1711257269,1,0.04870513407
1711257270,1,0.0603454443
1711257271,1,0.03932758407
1711257272,1,0.07890925624
1711257273,1,0.05941135928
1711257274,1,0.03205329325
1711257275,1,0.05476895176
1711257276,1,0.05593879966
1711257277,1,0.005597796117
1711257278,1,0.01607862466
1711257279,1,0.01654320453
1711257280,1,0.0873409535
1711257281,1,0.06356523776
1711257282,1,0.02498104456
1711257283,1,0.1076721214
1711257284,1,0.006170676853
1711257285,1,0.04998959389
1711257286,1,0.06530017017
1711257287,1,0.1180324224
1711257288,1,0.05427006626
1711257289,1,0.06426087363
1711257290,1,0.02562478614
1711257291,1,0.01588519694
1711257292,1,0.06290507792
1711257293,1,0.002536397569
1711257294,1,0.05809657598
1711257295,1,0.0224767735
1711257296,1,0.0687561297
1711257297,1,0.03987132298
1711257298,1,0.01092360885
1711257299,1,0.002687843533
1711257300,1,0.07353359949
1711257301,1,0.1227123684
1711257302,1,0.1038782517
1711257303,1,0.03414618398
1711257304,1,0.03402928204
1711257305,1,0.07324480198
1711257306,1,0.06768479539
1711257307,1,0.1174379534
1711257308,1,0.00498619337
1711257309,1,0.07956803029
1711257310,1,0.01666401429
1711257311,1,0.01605368484
1711257312,1,0.0247715696
1711257313,1,0.006441783251
1711257314,1,0.0169950492
1711257315,1,0.04148709977
1711257316,1,0.08347176591
1711257317,1,0.1103927087
1711257318,1,0.02547939942
1711257319,1,0.101468565
1711257320,1,0.0946927901
1711257321,1,0.005300307823
1711257322,1,0.1057474953
1711257323,1,0.007659566384
1711257324,1,0.0810464504
1711257325,1,0.1001914908
1711257326,1,0.08043521994
1711257327,1,0.01826065724
1711257328,1,0.02902970075
1711257329,1,0.09486462822
1711257330,1,0.04897589754
1711257331,1,0.1208925399
1711257332,1,0.07176349689
1711257333,1,0.09613684185
1711257334,1,0.1163027567
1711257335,1,0.016798373
1711257336,2,0.06784755828
1711257337,2,0.00796234371
1711257338,2,0.1129374248
1711257339,2,0.02388517877
1711257340,2,0.01140868136
1711257341,2,0.05240505148
1711257342,2,0.04165201152
1711257343,2,0.04837318778
1711257344,2,0.03227285381
1711257345,2,0.09546520008
1711257346,2,0.08513547856
1711257347,2,0.007854162001
1711257348,2,0.02607510503
1711257349,2,0.007057675607
1711257350,2,0.002869400609
1711257351,2,0.122373215
1711257352,2,0.06703618436
1711257353,2,0.0780187065
1711257354,2,0.008723878894
1711257355,2,0.07474343206
1711257356,2,0.0760813443
1711257357,2,0.04887810556
1711257358,2,0.003621319492
1711257359,2,0.05167848765
1711257360,2,0.1189541325
1711257361,2,0.07527569065
1711257362,2,0.08998389466
1711257363,2,0.1134857253
1711257364,2,0.06798680833
1711257365,2,0.08832343179
1711257366,2,0.1165799791
1711257367,2,0.07700066976
1711257368,2,0.05222909677
1711257369,2,0.004919014619
1711257370,2,0.09381548021
1711257371,2,0.009163591811
1711257372,2,0.01870824881
1711257373,2,0.1030017616
1711257374,2,0.05547790571
1711257375,2,0.01713980854
1711257376,2,0.08269593973
1711257377,2,0.1000085455
1711257378,2,0.07343415718
1711257379,2,0.03516755476
1711257380,2,0.03199129469
1711257381,2,0.0593351467
1711257382,2,0.03180752433
1711257383,2,0.1233807982
1711257384,2,0.1193944046
1711257385,2,0.07443757288
1711257386,2,0.06171489804
1711257387,2,0.03469904192
1711257388,2,0.003740953831
1711257389,2,0.1183182832
1711257390,2,0.1017322411
1711257391,2,0.09750220154
1711257392,2,0.008096157396
1711257393,2,0.1225338084
1711257394,2,0.007874488871
1711257395,2,0.05421577178
1711257396,2,0.003964945741
1711257397,2,0.01453310991
1711257398,2,0.115025406
1711257399,2,0.01412010863
1711257400,2,0.07766541121
1711257401,2,0.09509015173
1711257402,2,0.02443371009
1711257403,2,0.1226672289
1711257404,2,0.06433381777
1711257405,2,0.02882950127
1711257406,2,0.03410356625
1711257407,2,0.04433965563
1711257408,2,0.04638198984
1711257409,2,0.100360341
1711257410,2,0.04065077822
1711257411,2,0.02661791317
1711257412,2,0.006611711642
1711257413,2,0.006332190468
1711257414,2,0.04747045162
1711257415,2,0.03393690169
1711257416,2,0.001605782049
1711257417,2,0.0598046746
1711257418,2,0.1148674516
1711257419,2,0.08760598085
1711257420,2,0.1034617038
1711257421,2,0.0276840768
1711257422,2,0.05813805111
1711257423,2,0.02054366118
1711257424,2,0.07241145529
1711257425,2,0.02962096128
1711257426,2,0.06445918457
1711257427,2,0.1043349691
1711257428,2,0.01937964526
1711257429,2,0.122686081
1711257430,2,0.0338412155
1711257431,2,0.05555803053
1711257432,2,0.07107236549
1711257433,2,0.005345808523
1711257434,2,0.1033307823
1711257435,2,0.02854623716
1711257436,2,0.01076034687
1711257437,2,0.07174370783
1711257438,2,0.1121121799
1711257439,2,0.102753166
1711257440,2,0.03552254106
1711257441,2,0.08306149258
1711257442,2,0.08314890062
1711257443,2,0.09966980837
1711257444,2,0.02035010029
1711257445,2,0.1217804478
1711257446,2,0.009531417377
1711257447,2,0.06680706621
1711257448,2,0.01117567539
1711257449,2,0.006993460925
1711257450,2,0.09075285014
1711257451,2,0.06960120705
1711257452,2,0.08258936081
1711257453,2,0.09952822089
1711257454,2,0.06572123315
1711257455,2,0.03622594179
1711257456,2,0.06673001041
1711257457,2,0.03953371364
1711257458,2,0.06043508067
1711257459,2,0.0552020445
1711257460,2,0.1125995664
1711257461,2,0.06135496719
1711257462,2,0.03389850904
1711257463,2,0.1063838705
1711257464,2,0.06983802606
1711257465,2,0.1209751742
1711257466,2,0.09103277137
1711257467,2,0.08737190349
1711257468,2,0.05781792965
1711257469,2,0.02503958069
1711257470,2,0.01105296977
1711257471,2,0.05465137051
1711257472,2,0.02976986012
1711257473,2,0.06749221094
1711257474,2,0.06402190945
1711257475,2,0.08178927126
1711257476,2,0.04753418326
1711257477,2,0.1101543033
1711257478,2,0.05706743615
1711257479,2,0.04583557257
1711257480,2,0.09544932202
1711257481,2,0.08715245805
1711257482,2,0.06505529402
1711257483,2,0.112669102
1711257484,2,0.0818331242
1711257485,2,0.06996479503
1711257486,2,0.08334642764
1711257487,2,0.07740461193
1711257488,2,0.07849145393
1711257489,2,0.04999513925
1711257490,2,0.01763584231
1711257491,2,0.02713472244
1711257492,2,0.08269689532
1711257493,2,0.104007959
1711257494,2,0.1227695268
1711257495,2,0.03021894929
1711257496,2,0.02712051116
1711257497,2,0.1044609805
1711257498,2,0.09386661668
1711257499,2,0.09405170303
1711257500,3,0.03627090075
1711257501,3,0.1217577439
1711257502,3,0.1240359208
1711257503,3,0.09674220032
1711257504,3,0.03309728815
1711257505,3,0.01370890846
1711257506,3,0.1234689935
1711257507,3,0.03742134645
1711257508,3,0.1115472631
1711257509,3,0.03403904783
1711257510,3,0.0697165377
1711257511,3,0.01495422225
1711257512,3,0.1100346872
1711257513,3,0.1166047059
1711257514,3,0.00351034838
1711257515,3,0.08568149482
1711257516,3,0.04696973265
1711257517,3,0.0550998885
1711257518,3,0.1235801518
1711257519,3,0.06743902932
1711257520,3,0.01273043116
1711257521,3,0.09941673412
1711257522,3,0.0175326843
1711257523,3,0.07451225598
1711257524,3,0.002713943057
1711257525,3,0.02950198187
1711257526,3,0.04400988132
1711257527,3,0.08637025277
1711257528,3,0.02339584791
1711257529,3,0.04550391811
1711257530,3,0.004023627086
1711257531,3,0.04699433294
1711257532,3,0.1076469296
1711257533,3,0.07923991253
1711257534,3,0.006576510832
1711257535,3,0.1113667646
1711257536,3,0.01190960446
1711257537,3,0.01153113653
1711257538,3,0.09542113807
1711257539,3,0.07621762259
1711257540,3,0.08621981499
1711257541,3,0.02274903776
1711257542,3,0.01008498067
1711257543,3,0.003441142849
1711257544,3,0.1084753177
1711257545,3,0.03499715827
1711257546,3,0.03009341475
1711257547,3,0.066687713
1711257548,3,0.006797569158
1711257549,3,0.04871225775
1711257550,3,0.07166052186
1711257551,3,0.09951363152
1711257552,3,0.1083119376
1711257553,3,0.009110322211
1711257554,3,0.07098534567
1711257555,3,0.07212795383
1711257556,3,0.09917975531
1711257557,3,0.03382586299
1711257558,3,0.07269079205
1711257559,3,0.02321424111
1711257560,3,0.009255816793
1711257561,3,0.01729705755
1711257562,3,0.09587292689
1711257563,3,0.07352475979
1711257564,3,0.120316133
1711257565,3,0.0499345601
1711257566,3,0.02369043479
1711257567,3,0.04894564705
1711257568,3,0.1144033628
1711257569,3,0.0008784766039
1711257570,3,0.08041707967
1711257571,3,0.06751377797
1711257572,3,0.02847109329
1711257573,3,0.01219586208
1711257574,3,0.04740448534
1711257575,3,0.07242956238
1711257576,3,0.03817319233
1711257577,3,0.03970009967
1711257578,3,0.1014582199
1711257579,3,0.09645461529
1711257580,3,0.007340755386
1711257581,3,0.0761839993
1711257582,3,0.03571699229
1711257583,3,0.02220922148
1711257584,3,0.1104166777
1711257585,3,0.05674997276
1711257586,3,0.01924306094
1711257587,3,0.00779174106
1711257588,3,0.03787669855
1711257589,3,0.04809349881
1711257590,3,0.09218129029
1711257591,3,0.07783061407
1711257592,3,0.07945580786
1711257593,3,0.03905025528
1711257594,3,0.02852495421
1711257595,3,0.01154924691
1711257596,3,0.1218201683
1711257597,3,0.1034525671
1711257598,3,0.02823833334
1711257599,3,0.09167519138
1711257600,3,0.04617725771
1711257601,3,0.02335746887
1711257602,3,0.04972929388
1711257603,3,0.01105711169
1711257604,3,0.04220073817
1711257605,3,0.01600650823
1711257606,3,0.087439465
1711257607,3,0.01766660821
1711257608,3,0.09256157979
1711257609,3,0.001456559709
1711257610,3,0.08762528298
1711257611,3,0.0882566359
1711257612,3,0.0773032614
1711257613,3,0.004681211841
1711257614,3,0.1032400697
1711257615,3,0.05632424983
1711257616,3,0.09927642067
1711257617,3,0.05608392551
1711257618,3,0.0911955431
1711257619,3,0.05618268119
1711257620,3,0.1158570782
1711257621,3,0.08778700793
1711257622,3,0.07718046764
1711257623,3,0.006886115752
1711257624,3,0.02821267547
1711257625,3,0.069764568
1711257626,3,0.004644928239
1711257627,3,0.02247040271
1711257628,3,0.02745133695
1711257629,3,0.1148729132
1711257630,3,0.07052051235
1711257631,3,0.09847378788
1711257632,3,0.1020924621
1711257633,3,0.005098522896
1711257634,3,0.1057399769
1711257635,3,0.06398408839
1711257636,3,0.04843036615
1711257637,3,0.05289152273
1711257638,3,0.08364424476
1711257639,3,0.1035220916
1711257640,3,0.09452787359
1711257641,3,0.03628172914
1711257642,3,0.008920390114
1711257643,3,0.01891581449
1711257644,3,0.09977299535
1711257645,3,0.009584655203
1711257646,3,0.003801049639
1711257647,3,0.06794612561
1711257648,3,0.1001593394
1711257649,3,0.0928964904
1711257650,3,0.1168739577
1711257651,3,0.05895152487
1711257652,3,0.1097097332
1711257653,3,0.00824990876
1711257654,3,0.107999695
1711257655,3,0.02376832121
1711257656,3,0.06075257677
1711257657,3,0.03325667101
1711257658,3,0.0855163262
1711257659,3,0.1103522127
1711257660,3,0.07008168834
1711257661,3,0.05929830881
1711257662,3,0.01412168169
1711257663,3,0.08117817306
1711257664,4,0.1043829942
1711257665,4,0.07084282865
1711257666,4,0.02356700857
1711257667,4,0.09904787409
1711257668,4,0.08669518348
1711257669,4,0.1052631834
1711257670,4,0.004570288212
1711257671,4,0.07824729062
1711257672,4,0.0360864678
1711257673,4,0.1086123748
1711257674,4,0.05416307941
1711257675,4,0.02609184513
1711257676,4,0.0901759197
1711257677,4,0.07217041898
1711257678,4,0.0530217308
1711257679,4,0.122772479
1711257680,4,0.09960537285
1711257681,4,0.04221996624
1711257682,4,0.02220190469
1711257683,4,0.0360732385
1711257684,4,0.03007663078
1711257685,4,0.04143027155
1711257686,4,0.04109483818
1711257687,4,0.0169694235
1711257688,4,0.03610884043
1711257689,4,0.1244332733
1711257690,4,0.03735436457
1711257691,4,0.04733508859
1711257692,4,0.03124211703
1711257693,4,0.08766088588
1711257694,4,0.05800566823
1711257695,4,0.08698970191
1711257696,4,0.1220160562
1711257697,4,0.01427927734
1711257698,4,0.07393994408
1711257699,4,0.04409587995
1711257700,4,0.02268557938
1711257701,4,0.1091036481
1711257702,4,0.08252343025
1711257703,4,0.0954837565
1711257704,4,0.0243015832
1711257705,4,0.04070624389
1711257706,4,0.005105111026
1711257707,4,0.03682210905
1711257708,4,0.005480141838
1711257709,4,0.008540580511
1711257710,4,0.002794153074
1711257711,4,0.07168246728
1711257712,4,0.09291157737
1711257713,4,0.1167965563
1711257714,4,0.1049963789
1711257715,4,0.1034495594
1711257716,4,0.03241948055
1711257717,4,0.1138738914
1711257718,4,0.08584850434
1711257719,4,0.04972001382
1711257720,4,0.1161698079
1711257721,4,0.02181552017
1711257722,4,0.08386946768
1711257723,4,0.0803008959
1711257724,4,0.003451468786
1711257725,4,0.008777843346
1711257726,4,0.03986015741
1711257727,4,0.1121706542
1711257728,4,0.09630238916
1711257729,4,0.04963136223
1711257730,4,0.002325977897
1711257731,4,0.002797297168
1711257732,4,0.037138731
1711257733,4,0.100083135
1711257734,4,0.09347109909
1711257735,4,0.0420220842
1711257736,4,0.008460142328
1711257737,4,0.05329149266
1711257738,4,0.06711894913
1711257739,4,0.05231172081
1711257740,4,0.08465002009
1711257741,4,0.02980388568
1711257742,4,0.04775032039
1711257743,4,0.04255806108
1711257744,4,0.03786747289
1711257745,4,0.0717902821
1711257746,4,0.09221876755
1711257747,4,0.04676151973
1711257748,4,0.1090363304
1711257749,4,0.07096744295
1711257750,4,0.03760225266
1711257751,4,0.01587289551
1711257752,4,0.07097668444
1711257753,4,0.006313427868
1711257754,4,0.06508075545
1711257755,4,0.04378800017
1711257756,4,0.05879564298
1711257757,4,0.05265712246
1711257758,4,0.02069140348
1711257759,4,0.04699050971
1711257760,4,0.1227566271
1711257761,4,0.09449410971
1711257762,4,0.03930592329
1711257763,4,0.03162063612
1711257764,4,0.02098020512
1711257765,4,0.01592807435
1711257766,4,0.04319954811
1711257767,4,0.02181071393
1711257768,4,0.03849460026
1711257769,4,0.0874660898
1711257770,4,0.1061362312
1711257771,4,0.08897355635
1711257772,4,0.09535026458
1711257773,4,0.08350638917
1711257774,4,0.1129819281
1711257775,4,0.08835532873
1711257776,4,0.08974039534
1711257777,4,0.06574890032
1711257778,4,0.1034758114
1711257779,4,0.05157199158
1711257780,4,0.06232816658
1711257781,4,0.0574316583
1711257782,4,0.0419388285
1711257783,4,0.0770368409
1711257784,4,0.1152713944
1711257785,4,0.1112502722
1711257786,4,0.002379505453
1711257787,4,0.004156299069
1711257788,4,0.07375668625
1711257789,4,0.04005306968
1711257790,4,0.02566896451
1711257791,4,0.02692224947
1711257792,4,0.01420765164
1711257793,4,0.08392098102
1711257794,4,0.06720019407
1711257795,4,0.07306126593
1711257796,4,0.001715554672
1711257797,4,0.03003928056
1711257798,4,0.009721067661
1711257799,4,0.1212147123
1711257800,4,0.05465581309
1711257801,4,0.03284723318
1711257802,4,0.04183625263
1711257803,4,0.02571830015
1711257804,4,0.1119000385
1711257805,4,0.101312138
1711257806,4,0.04801008125
1711257807,4,0.1164257253
1711257808,4,0.1175108512
1711257809,4,0.05281580801
1711257810,4,0.02077059058
1711257811,4,0.08967822846
1711257812,4,0.009315512158
1711257813,4,0.05406447317
1711257814,4,0.01521438655
1711257815,4,0.005960410077
1711257816,4,0.02629443307
1711257817,4,0.0536370278
1711257818,4,0.06984264532
1711257819,4,0.06000227719
1711257820,5,0.08529190155
1711257821,5,0.08327209253
1711257822,5,0.06622043596
1711257823,5,0.06508863218
1711257824,5,0.0201589316
1711257825,5,0.06576079123
1711257826,5,0.06794478127
1711257827,5,0.04511895634
1711257828,5,0.1010719307
1711257829,5,0.0413601119
1711257830,5,0.01693123272
1711257831,5,0.08052456897
1711257832,5,0.083435879
1711257833,5,0.1119707689
1711257834,5,0.02208443718
1711257835,5,0.1074944854
1711257836,5,0.0744770601
1711257837,5,0.0279338204
1711257838,5,0.102005038
1711257839,5,0.09908739096
1711257840,5,0.00135786721
1711257841,5,0.08119196576
1711257842,5,0.01450349384
1711257843,5,0.08671440008
1711257844,5,0.04240503941
1711257845,5,0.0707342112
1711257846,5,0.09634072016
1711257847,5,0.06116571599
1711257848,5,0.04283271559
1711257849,5,0.07169676338
1711257850,5,0.0967962176
1711257851,5,0.04882402224
1711257852,5,0.05316294641
1711257853,5,0.06822833267
1711257854,5,0.06837616237
1711257855,5,0.09095849284
1711257856,5,0.07739888797
1711257857,5,0.07724462124
1711257858,5,0.1022172191
1711257859,5,0.08702541452
1711257860,5,0.0238896705
1711257861,5,0.07049463815
1711257862,5,0.06451611565
1711257863,5,0.1217149789
1711257864,5,0.08974099274
1711257865,5,0.04594059401
1711257866,5,0.003620813039
1711257867,5,0.1050785253
1711257868,5,0.004571704617
1711257869,5,0.006313446174
1711257870,5,0.05525591955
1711257871,5,0.06544642988
1711257872,5,0.08639434191
1711257873,5,0.1228478043
1711257874,5,0.1007231998
1711257875,5,0.1210041349
1711257876,5,0.04640616184
1711257877,5,0.1206227276
1711257878,5,0.004817487263
1711257879,5,0.01783222928
1711257880,5,0.04551743154
1711257881,5,0.04363906321
1711257882,5,0.1016288582
1711257883,5,0.03493628266
1711257884,5,0.02851493918
1711257885,5,0.04274933021
1711257886,5,0.08236397558
1711257887,5,0.02029303089
1711257888,5,0.0918612384
1711257889,5,0.05282273765
1711257890,5,0.06981257167
1711257891,5,0.08622182045
1711257892,5,0.07826391611
1711257893,5,0.0620757994
1711257894,5,0.06410951242
1711257895,5,0.05745363034
1711257896,5,0.1103142951
1711257897,5,0.001328082341
1711257898,5,0.1139984972
1711257899,5,0.006114757694
1711257900,5,0.00169110361
1711257901,5,0.09405299483
1711257902,5,0.006890440932
1711257903,5,0.1244682039
1711257904,5,0.04265240387
1711257905,5,0.05948514821
1711257906,5,0.1046276565
1711257907,5,0.028663054
1711257908,5,0.04679763981
1711257909,5,0.1007185903
1711257910,5,0.05501443506
1711257911,5,0.104930563
1711257912,5,0.01837189091
1711257913,5,0.01268444191
1711257914,5,0.1068552771
1711257915,5,0.07863549961
1711257916,5,0.1037055545
1711257917,5,0.01113167348
1711257918,5,0.02345391296
1711257919,5,0.1063420914
1711257920,5,0.001735347922
1711257921,5,0.01325149639
1711257922,5,0.001269409539
1711257923,5,0.1115863739
1711257924,5,0.1019361996
1711257925,5,0.09338358021
1711257926,5,0.05670017866
1711257927,5,0.05636000511
1711257928,5,0.04340873387
1711257929,5,0.06832149541
1711257930,5,0.04477216525
1711257931,5,0.1124054852
1711257932,5,0.0213132517
1711257933,5,0.01109509523
1711257934,5,0.06884465031
1711257935,5,0.01929861943
1711257936,5,0.006318745669
1711257937,5,0.07474911822
1711257938,5,0.03031504684
1711257939,5,0.03995131253
1711257940,5,0.08924417926
1711257941,5,0.07856023257
1711257942,5,0.07670362509
1711257943,5,0.09860626155
1711257944,5,0.04160937985
1711257945,5,0.1183387576
1711257946,5,0.1104297394
1711257947,5,0.03661484506
1711257948,5,0.01838412693
1711257949,5,0.009946686607
1711257950,5,0.06905295101
1711257951,5,0.07229046693
1711257952,5,0.1218265857
1711257953,5,0.03593026538
1711257954,5,0.00574578228
1711257955,5,0.002911827181
1711257956,5,0.04493605154
1711257957,5,0.1142131525
1711257958,5,0.08628904376
1711257959,5,0.06451415622
1711257960,5,0.09470989942
1711257961,5,0.02012539234
1711257962,5,0.100936527
1711257963,5,0.04345101489
1711257964,5,0.05909109724
1711257965,5,0.04365367244
1711257966,5,0.0910826365
1711257967,5,0.08783542085
1711257968,5,0.002219992111
1711257969,5,0.07769005567
1711257970,5,0.08678477444
1711257971,5,0.07187614765
1711257972,5,0.02536303635
1711257973,5,0.1102291252
1711257974,5,0.1168416699
1711257975,5,0.07181358262
1711257976,5,0.06568101675
1711257977,5,0.05891762393
1711257978,5,0.08830951933
1711257979,5,0.01862926587
1711257980,5,0.04682074883
1711257981,5,0.09009607275
1711257982,5,0.0870497319
1711257983,5,0.02495416888
1711257984,5,0.01916667294
1711257985,5,0.006488332828
1711257986,5,0.0001451920494
1711257987,5,0.1166330272
1711257988,5,0.08347260173
1711257989,5,0.09299307125
1711257990,5,0.1047964516
1711257991,5,0.008215497664
1711257992,5,0.004508894001
1711257993,5,0.1036100438